date,gold_cost_rub
2016-01-01,2490.71
2016-01-02,2490.71
2016-01-03,2490.71
2016-01-04,2490.71
2016-01-05,2490.71
2016-01-06,2490.71
2016-01-07,2490.71
2016-01-08,2490.71
2016-01-09,2490.71
2016-01-10,2490.71
2016-01-11,2490.71
2016-01-12,2697.53
2016-01-13,2696.48
2016-01-14,2658.2
2016-01-15,2683.54
2016-01-16,2661.26
2016-01-17,2661.26
2016-01-18,2661.26
2016-01-19,2758.0
2016-01-20,2742.92
2016-01-21,2792.84
2016-01-22,2947.67
2016-01-23,2843.38
2016-01-24,2843.38
2016-01-25,2843.38
2016-01-26,2760.59
2016-01-27,2932.99
2016-01-28,2835.69
2016-01-29,2783.42
2016-01-30,2689.71
2016-01-31,2689.71
2016-02-01,2689.71
2016-02-02,2753.33
2016-02-03,2815.09
2016-02-04,2879.52
2016-02-05,2817.8
2016-02-06,2880.69
2016-02-07,2880.69
2016-02-08,2880.69
2016-02-09,2899.65
2016-02-10,3007.48
2016-02-11,3008.35
2016-02-12,3111.44
2016-02-13,3167.94
2016-02-14,3167.94
2016-02-15,3167.94
2016-02-16,3021.92
2016-02-17,2971.01
2016-02-18,3009.54
2016-02-19,2921.89
2016-02-20,2999.04
2016-02-21,3053.09
2016-02-22,2999.04
2016-02-23,2999.04
2016-02-24,2999.04
2016-02-25,3026.51
2016-02-26,3034.25
2016-02-27,2971.89
2016-02-28,2971.89
2016-02-29,2971.89
2016-03-01,3011.6
2016-03-02,2952.29
2016-03-03,2910.01
2016-03-04,2947.77
2016-03-05,2991.79
2016-03-06,2991.79
2016-03-07,2991.79
2016-03-08,2991.79
2016-03-09,2991.79
2016-03-10,2927.93
2016-03-11,2850.82
2016-03-12,2853.2
2016-03-13,2853.2
2016-03-14,2853.2
2016-03-15,2834.16
2016-03-16,2797.73
2016-03-17,2815.81
2016-03-18,2798.51
2016-03-19,2758.89
2016-03-20,2758.89
2016-03-21,2758.89
2016-03-22,2752.59
2016-03-23,2727.75
2016-03-24,2679.67
2016-03-25,2695.94
2016-03-26,2686.47
2016-03-27,2686.47
2016-03-28,2686.47
2016-03-29,2660.8
2016-03-30,2688.99
2016-03-31,2691.39
2016-04-01,2691.21
2016-04-02,2659.65
2016-04-03,2659.65
2016-04-04,2659.65
2016-04-05,2682.67
2016-04-06,2727.61
2016-04-07,2700.35
2016-04-08,2697.37
2016-04-09,2678.82
2016-04-10,2678.82
2016-04-11,2678.82
2016-04-12,2691.71
2016-04-13,2685.95
2016-04-14,2634.05
2016-04-15,2651.61
2016-04-16,2611.25
2016-04-17,2611.25
2016-04-18,2611.25
2016-04-19,2716.76
2016-04-20,2620.75
2016-04-21,2649.12
2016-04-22,2629.26
2016-04-23,2651.47
2016-04-24,2651.47
2016-04-25,2651.47
2016-04-26,2636.71
2016-04-27,2637.64
2016-04-28,2607.75
2016-04-29,2630.62
2016-04-30,2636.13
2016-05-01,2636.13
2016-05-02,2636.13
2016-05-03,2636.13
2016-05-04,2636.13
2016-05-05,2723.8
2016-05-06,2702.64
2016-05-07,2724.56
2016-05-08,2724.56
2016-05-09,2724.56
2016-05-10,2724.56
2016-05-11,2697.27
2016-05-12,2708.62
2016-05-13,2648.89
2016-05-14,2661.96
2016-05-15,2661.96
2016-05-16,2661.96
2016-05-17,2672.48
2016-05-18,2634.4
2016-05-19,2658.54
2016-05-20,2668.9
2016-05-21,2681.48
2016-05-22,2681.48
2016-05-23,2681.48
2016-05-24,2695.39
2016-05-25,2678.76
2016-05-26,2586.24
2016-05-27,2571.58
2016-05-28,2593.05
2016-05-29,2593.05
2016-05-30,2593.05
2016-05-31,2584.04
2016-06-01,2568.47
2016-06-02,2604.89
2016-06-03,2608.5
2016-06-04,2602.89
2016-06-05,2602.89
2016-06-06,2602.89
2016-06-07,2623.98
2016-06-08,2601.98
2016-06-09,2604.36
2016-06-10,2578.73
2016-06-11,2635.03
2016-06-12,2635.03
2016-06-13,2635.03
2016-06-14,2635.03
2016-06-15,2716.08
2016-06-16,2716.86
2016-06-17,2767.58
2016-06-18,2702.51
2016-06-19,2702.51
2016-06-20,2702.51
2016-06-21,2646.7
2016-06-22,2642.61
2016-06-23,2591.38
2016-06-24,2617.54
2016-06-25,2768.01
2016-06-26,2768.01
2016-06-27,2768.01
2016-06-28,2770.65
2016-06-29,2733.78
2016-06-30,2722.37
2016-07-01,2717.35
2016-07-02,2740.98
2016-07-03,2740.98
2016-07-04,2740.98
2016-07-05,2761.56
2016-07-06,2778.59
2016-07-07,2846.74
2016-07-08,2815.21
2016-07-09,2801.22
2016-07-10,2801.22
2016-07-11,2801.22
2016-07-12,2803.64
2016-07-13,2779.46
2016-07-14,2751.43
2016-07-15,2709.81
2016-07-16,2702.18
2016-07-17,2702.18
2016-07-18,2702.18
2016-07-19,2691.03
2016-07-20,2697.9
2016-07-21,2702.82
2016-07-22,2709.04
2016-07-23,2749.35
2016-07-24,2749.35
2016-07-25,2749.35
2016-07-26,2744.63
2016-07-27,2792.61
2016-07-28,2800.41
2016-07-29,2851.02
2016-07-30,2872.53
2016-07-31,2872.53
2016-08-01,2872.53
2016-08-02,2860.25
2016-08-03,2920.42
2016-08-04,2927.73
2016-08-05,2884.19
2016-08-06,2872.21
2016-08-07,2872.21
2016-08-08,2872.21
2016-08-09,2782.85
2016-08-10,2776.27
2016-08-11,2816.99
2016-08-12,2807.66
2016-08-13,2764.91
2016-08-14,2764.91
2016-08-15,2764.91
2016-08-16,2764.54
2016-08-17,2773.86
2016-08-18,2762.66
2016-08-19,2752.31
2016-08-20,2768.7
2016-08-21,2768.7
2016-08-22,2768.7
2016-08-23,2754.43
2016-08-24,2787.23
2016-08-25,2786.69
2016-08-26,2765.63
2016-08-27,2757.61
2016-08-28,2757.61
2016-08-29,2757.61
2016-08-30,2759.35
2016-08-31,2752.19
2016-09-01,2757.65
2016-09-02,2739.42
2016-09-03,2777.39
2016-09-04,2777.39
2016-09-05,2777.39
2016-09-06,2765.82
2016-09-07,2772.29
2016-09-08,2791.75
2016-09-09,2772.54
2016-09-10,2755.24
2016-09-11,2755.24
2016-09-12,2755.24
2016-09-13,2776.51
2016-09-14,2768.19
2016-09-15,2764.1
2016-09-16,2767.95
2016-09-17,2746.26
2016-09-18,2746.26
2016-09-19,2746.26
2016-09-20,2744.69
2016-09-21,2738.4
2016-09-22,2734.04
2016-09-23,2732.89
2016-09-24,2742.98
2016-09-25,2742.98
2016-09-26,2742.98
2016-09-27,2756.1
2016-09-28,2735.48
2016-09-29,2723.88
2016-09-30,2682.09
2016-10-01,2706.56
2016-10-02,2706.56
2016-10-03,2706.56
2016-10-04,2651.74
2016-10-05,2627.78
2016-10-06,2558.29
2016-10-07,2538.45
2016-10-08,2513.88
2016-10-09,2513.88
2016-10-10,2513.88
2016-10-11,2531.56
2016-10-12,2512.3
2016-10-13,2526.83
2016-10-14,2562.09
2016-10-15,2544.06
2016-10-16,2544.06
2016-10-17,2544.06
2016-10-18,2543.42
2016-10-19,2551.0
2016-10-20,2554.89
2016-10-21,2547.07
2016-10-22,2537.77
2016-10-23,2537.77
2016-10-24,2537.77
2016-10-25,2535.14
2016-10-26,2532.11
2016-10-27,2549.96
2016-10-28,2572.59
2016-10-29,2560.16
2016-10-30,2560.16
2016-10-31,2560.16
2016-11-01,2589.79
2016-11-02,2609.91
2016-11-03,2642.09
2016-11-04,2639.93
2016-11-05,2639.93
2016-11-06,2639.93
2016-11-07,2639.93
2016-11-08,2643.95
2016-11-09,2631.14
2016-11-10,2679.81
2016-11-11,2611.59
2016-11-12,2632.8
2016-11-13,2632.8
2016-11-14,2632.8
2016-11-15,2588.75
2016-11-16,2590.07
2016-11-17,2543.59
2016-11-18,2571.28
2016-11-19,2524.47
2016-11-20,2524.47
2016-11-21,2524.47
2016-11-22,2513.92
2016-11-23,2490.73
2016-11-24,2496.78
2016-11-25,2466.91
2016-11-26,2467.03
2016-11-27,2467.03
2016-11-28,2467.03
2016-11-29,2481.74
2016-11-30,2479.11
2016-12-01,2490.52
2016-12-02,2392.88
2016-12-03,2416.6
2016-12-04,2416.6
2016-12-05,2416.6
2016-12-06,2394.11
2016-12-07,2405.07
2016-12-08,2406.68
2016-12-09,2394.18
2016-12-10,2378.98
2016-12-11,2378.98
2016-12-12,2378.98
2016-12-13,2285.54
2016-12-14,2272.36
2016-12-15,2269.68
2016-12-16,2244.14
2016-12-17,2253.08
2016-12-18,2253.08
2016-12-19,2253.08
2016-12-20,2260.06
2016-12-21,2250.56
2016-12-22,2228.76
2016-12-23,2212.29
2016-12-24,2212.76
2016-12-25,2212.76
2016-12-26,2212.76
2016-12-27,2214.78
2016-12-28,2212.97
2016-12-29,2223.06
2016-12-30,2222.29
2016-12-31,2260.43
2017-01-01,2260.43
2017-01-02,2260.43
2017-01-03,2260.43
2017-01-04,2260.43
2017-01-05,2260.43
2017-01-06,2260.43
2017-01-07,2260.43
2017-01-08,2260.43
2017-01-09,2260.43
2017-01-10,2264.82
2017-01-11,2280.67
2017-01-12,2297.0
2017-01-13,2308.2
2017-01-14,2283.58
2017-01-15,2283.58
2017-01-16,2283.58
2017-01-17,2304.95
2017-01-18,2325.18
2017-01-19,2307.12
2017-01-20,2296.25
2017-01-21,2300.38
2017-01-22,2300.38
2017-01-23,2300.38
2017-01-24,2322.0
2017-01-25,2309.96
2017-01-26,2288.67
2017-01-27,2284.59
2017-01-28,2296.54
2017-01-29,2296.54
2017-01-30,2296.54
2017-01-31,2301.46
2017-02-01,2315.82
2017-02-02,2346.2
2017-02-03,2360.69
2017-02-04,2313.26
2017-02-05,2313.26
2017-02-06,2313.26
2017-02-07,2306.41
2017-02-08,2342.73
2017-02-09,2364.18
2017-02-10,2356.4
2017-02-11,2319.04
2017-02-12,2319.04
2017-02-13,2319.04
2017-02-14,2294.96
2017-02-15,2282.65
2017-02-16,2236.21
2017-02-17,2272.45
2017-02-18,2300.29
2017-02-19,2300.29
2017-02-20,2300.29
2017-02-21,2307.45
2017-02-22,2285.64
2017-02-23,2286.78
2017-02-24,2286.78
2017-02-25,2286.78
2017-02-26,2286.78
2017-02-27,2286.78
2017-02-28,2340.04
2017-03-01,2332.97
2017-03-02,2338.69
2017-03-03,2334.69
2017-03-04,2327.25
2017-03-05,2327.25
2017-03-06,2327.25
2017-03-07,2309.12
2017-03-08,2292.23
2017-03-09,2292.23
2017-03-10,2278.48
2017-03-11,2278.09
2017-03-12,2278.09
2017-03-13,2278.09
2017-03-14,2296.22
2017-03-15,2281.23
2017-03-16,2284.9
2017-03-17,2295.03
2017-03-18,2288.71
2017-03-19,2288.71
2017-03-20,2288.71
2017-03-21,2270.87
2017-03-22,2267.05
2017-03-23,2309.07
2017-03-24,2307.87
2017-03-25,2296.73
2017-03-26,2296.73
2017-03-27,2296.73
2017-03-28,2304.33
2017-03-29,2294.86
2017-03-30,2297.02
2017-03-31,2267.37
2017-04-01,2234.03
2017-04-02,2234.03
2017-04-03,2234.03
2017-04-04,2249.39
2017-04-05,2288.6
2017-04-06,2250.78
2017-04-07,2274.91
2017-04-08,2313.7
2017-04-09,2313.7
2017-04-10,2313.7
2017-04-11,2313.04
2017-04-12,2299.38
2017-04-13,2321.61
2017-04-14,2340.43
2017-04-15,2324.19
2017-04-16,2324.19
2017-04-17,2324.19
2017-04-18,2322.38
2017-04-19,2312.71
2017-04-20,2315.48
2017-04-21,2321.52
2017-04-22,2316.77
2017-04-23,2316.77
2017-04-24,2316.77
2017-04-25,2293.05
2017-04-26,2281.14
2017-04-27,2290.2
2017-04-28,2315.75
2017-04-29,2318.58
2017-04-30,2318.58
2017-05-01,2318.58
2017-05-02,2318.58
2017-05-03,2299.42
2017-05-04,2301.71
2017-05-05,2287.51
2017-05-06,2332.61
2017-05-07,2332.61
2017-05-08,2332.61
2017-05-09,2332.61
2017-05-10,2332.61
2017-05-11,2283.73
2017-05-12,2242.15
2017-05-13,2256.71
2017-05-14,2256.71
2017-05-15,2256.71
2017-05-16,2238.06
2017-05-17,2232.16
2017-05-18,2270.37
2017-05-19,2330.53
2017-05-20,2300.58
2017-05-21,2300.58
2017-05-22,2300.58
2017-05-23,2280.13
2017-05-24,2290.86
2017-05-25,2264.02
2017-05-26,2266.17
2017-05-27,2308.3
2017-05-28,2308.3
2017-05-29,2308.3
2017-05-30,2306.55
2017-05-31,2294.58
2017-06-01,2303.34
2017-06-02,2301.5
2017-06-03,2298.14
2017-06-04,2298.14
2017-06-05,2298.14
2017-06-06,2331.16
2017-06-07,2346.63
2017-06-08,2351.86
2017-06-09,2353.92
2017-06-10,2335.26
2017-06-11,2335.26
2017-06-12,2335.26
2017-06-13,2335.26
2017-06-14,2307.78
2017-06-15,2325.42
2017-06-16,2327.5
2017-06-17,2332.76
2017-06-18,2332.76
2017-06-19,2332.76
2017-06-20,2331.31
2017-06-21,2347.59
2017-06-22,2405.61
2017-06-23,2419.97
2017-06-24,2409.58
2017-06-25,2409.58
2017-06-26,2409.58
2017-06-27,2353.82
2017-06-28,2367.22
2017-06-29,2395.94
2017-06-30,2368.09
2017-07-01,2373.75
2017-07-02,2373.75
2017-07-03,2373.75
2017-07-04,2341.83
2017-07-05,2331.3
2017-07-06,2340.55
2017-07-07,2371.28
2017-07-08,2369.08
2017-07-09,2369.08
2017-07-10,2369.08
2017-07-11,2341.12
2017-07-12,2366.63
2017-07-13,2376.69
2017-07-14,2363.34
2017-07-15,2346.73
2017-07-16,2346.73
2017-07-17,2346.73
2017-07-18,2335.49
2017-07-19,2361.38
2017-07-20,2361.5
2017-07-21,2348.87
2017-07-22,2363.19
2017-07-23,2363.19
2017-07-24,2363.19
2017-07-25,2408.75
2017-07-26,2407.86
2017-07-27,2398.83
2017-07-28,2410.62
2017-07-29,2411.34
2017-07-30,2411.34
2017-07-31,2411.34
2017-08-01,2445.42
2017-08-02,2437.9
2017-08-03,2467.12
2017-08-04,2464.5
2017-08-05,2461.92
2017-08-06,2461.92
2017-08-07,2461.92
2017-08-08,2428.31
2017-08-09,2432.93
2017-08-10,2444.34
2017-08-11,2464.17
2017-08-12,2492.94
2017-08-13,2492.94
2017-08-14,2492.94
2017-08-15,2463.02
2017-08-16,2455.75
2017-08-17,2435.97
2017-08-18,2449.51
2017-08-19,2471.99
2017-08-20,2471.99
2017-08-21,2471.99
2017-08-22,2448.27
2017-08-23,2439.33
2017-08-24,2445.68
2017-08-25,2444.99
2017-08-26,2447.5
2017-08-27,2447.5
2017-08-28,2447.5
2017-08-29,2419.35
2017-08-30,2490.44
2017-08-31,2474.72
2017-09-01,2457.88
2017-09-02,2460.84
2017-09-03,2460.84
2017-09-04,2460.84
2017-09-05,2479.32
2017-09-06,2475.84
2017-09-07,2470.54
2017-09-08,2462.58
2017-09-09,2475.5
2017-09-10,2475.5
2017-09-11,2475.5
2017-09-12,2460.67
2017-09-13,2441.8
2017-09-14,2470.08
2017-09-15,2457.3
2017-09-16,2450.91
2017-09-17,2450.91
2017-09-18,2450.91
2017-09-19,2435.14
2017-09-20,2444.1
2017-09-21,2457.4
2017-09-22,2428.57
2017-09-23,2404.09
2017-09-24,2404.09
2017-09-25,2404.09
2017-09-26,2397.7
2017-09-27,2416.8
2017-09-28,2408.36
2017-09-29,2412.46
2017-09-30,2400.53
2017-10-01,2400.53
2017-10-02,2400.53
2017-10-03,2366.37
2017-10-04,2366.97
2017-10-05,2369.68
2017-10-06,2366.67
2017-10-07,2355.13
2017-10-08,2355.13
2017-10-09,2355.13
2017-10-10,2403.87
2017-10-11,2407.73
2017-10-12,2402.61
2017-10-13,2400.78
2017-10-14,2396.96
2017-10-15,2396.96
2017-10-16,2396.96
2017-10-17,2395.42
2017-10-18,2377.56
2017-10-19,2358.11
2017-10-20,2375.49
2017-10-21,2367.24
2017-10-22,2367.24
2017-10-23,2367.24
2017-10-24,2356.31
2017-10-25,2366.65
2017-10-26,2358.02
2017-10-27,2373.46
2017-10-28,2367.52
2017-10-29,2367.52
2017-10-30,2367.52
2017-10-31,2368.1
2017-11-01,2381.26
2017-11-02,2391.87
2017-11-03,2383.72
2017-11-04,2395.72
2017-11-05,2395.72
2017-11-06,2395.72
2017-11-07,2395.72
2017-11-08,2398.76
2017-11-09,2442.51
2017-11-10,2446.04
2017-11-11,2448.06
2017-11-12,2448.06
2017-11-13,2448.06
2017-11-14,2432.48
2017-11-15,2441.49
2017-11-16,2490.46
2017-11-17,2464.32
2017-11-18,2461.43
2017-11-19,2461.43
2017-11-20,2461.43
2017-11-21,2462.86
2017-11-22,2446.97
2017-11-23,2435.77
2017-11-24,2424.97
2017-11-25,2425.97
2017-11-26,2425.97
2017-11-27,2425.97
2017-11-28,2425.82
2017-11-29,2429.95
2017-11-30,2428.34
2017-12-01,2414.85
2017-12-02,2403.02
2017-12-03,2403.02
2017-12-04,2403.02
2017-12-05,2425.95
2017-12-06,2407.63
2017-12-07,2403.37
2017-12-08,2395.93
2017-12-09,2374.5
2017-12-10,2374.5
2017-12-11,2374.5
2017-12-12,2383.22
2017-12-13,2352.08
2017-12-14,2360.95
2017-12-15,2369.96
2017-12-16,2380.77
2017-12-17,2380.77
2017-12-18,2380.77
2017-12-19,2375.14
2017-12-20,2380.2
2017-12-21,2389.85
2017-12-22,2383.26
2017-12-23,2377.44
2017-12-24,2377.44
2017-12-25,2377.44
2017-12-26,2372.69
2017-12-27,2353.75
2017-12-28,2374.39
2017-12-29,2393.1
2017-12-30,2400.97
2017-12-31,2400.97
2018-01-01,2400.97
2018-01-02,2400.97
2018-01-03,2400.97
2018-01-04,2400.97
2018-01-05,2400.97
2018-01-06,2400.97
2018-01-07,2400.97
2018-01-08,2400.97
2018-01-09,2400.97
2018-01-10,2411.72
2018-01-11,2416.66
2018-01-12,2418.56
2018-01-13,2425.6
2018-01-14,2425.6
2018-01-15,2425.6
2018-01-16,2433.4
2018-01-17,2420.14
2018-01-18,2433.29
2018-01-19,2426.61
2018-01-20,2430.33
2018-01-21,2430.33
2018-01-22,2430.33
2018-01-23,2428.91
2018-01-24,2425.06
2018-01-25,2448.38
2018-01-26,2445.94
2018-01-27,2430.97
2018-01-28,2430.97
2018-01-29,2430.97
2018-01-30,2440.32
2018-01-31,2435.46
2018-02-01,2426.57
2018-02-02,2425.84
2018-02-03,2423.36
2018-02-04,2423.36
2018-02-05,2423.36
2018-02-06,2434.36
2018-02-07,2473.69
2018-02-08,2432.6
2018-02-09,2431.01
2018-02-10,2461.36
2018-02-11,2461.36
2018-02-12,2461.36
2018-02-13,2465.36
2018-02-14,2469.16
2018-02-15,2463.96
2018-02-16,2463.01
2018-02-17,2461.6
2018-02-18,2461.6
2018-02-19,2461.6
2018-02-20,2440.81
2018-02-21,2430.27
2018-02-22,2419.99
2018-02-23,2415.26
2018-02-24,2415.26
2018-02-25,2415.26
2018-02-26,2415.26
2018-02-27,2407.47
2018-02-28,2385.47
2018-03-01,2393.01
2018-03-02,2379.1
2018-03-03,2398.74
2018-03-04,2398.74
2018-03-05,2398.74
2018-03-06,2434.83
2018-03-07,2406.97
2018-03-08,2433.41
2018-03-09,2433.41
2018-03-10,2433.41
2018-03-11,2433.41
2018-03-12,2433.41
2018-03-13,2397.56
2018-03-14,2413.92
2018-03-15,2425.42
2018-03-16,2425.96
2018-03-17,2440.09
2018-03-18,2440.09
2018-03-19,2440.09
2018-03-20,2427.09
2018-03-21,2435.42
2018-03-22,2433.3
2018-03-23,2428.36
2018-03-24,2464.61
2018-03-25,2464.61
2018-03-26,2464.61
2018-03-27,2471.24
2018-03-28,2482.78
2018-03-29,2481.73
2018-03-30,2458.63
2018-03-31,2437.35
2018-04-01,2437.35
2018-04-02,2437.35
2018-04-03,2438.21
2018-04-04,2472.54
2018-04-05,2494.46
2018-04-06,2456.67
2018-04-07,2464.79
2018-04-08,2464.79
2018-04-09,2464.79
2018-04-10,2501.72
2018-04-11,2678.9
2018-04-12,2770.65
2018-04-13,2685.69
2018-04-14,2648.05
2018-04-15,2648.05
2018-04-16,2648.05
2018-04-17,2691.93
2018-04-18,2640.06
2018-04-19,2664.83
2018-04-20,2664.83
2018-04-21,2664.83
2018-04-22,2664.83
2018-04-23,2642.18
2018-04-24,2637.15
2018-04-25,2631.54
2018-04-26,2631.9
2018-04-27,2660.62
2018-04-28,2657.39
2018-04-29,2634.19
2018-04-30,2657.39
2018-05-01,2657.39
2018-05-02,2657.39
2018-05-03,2657.39
2018-05-04,2680.6
2018-05-05,2660.55
2018-05-06,2660.55
2018-05-07,2660.55
2018-05-08,2640.18
2018-05-09,2653.78
2018-05-10,2653.78
2018-05-11,2642.95
2018-05-12,2629.51
2018-05-13,2629.51
2018-05-14,2629.51
2018-05-15,2622.78
2018-05-16,2607.86
2018-05-17,2587.5
2018-05-18,2561.73
2018-05-19,2563.38
2018-05-20,2563.38
2018-05-21,2563.38
2018-05-22,2585.16
2018-05-23,2548.45
2018-05-24,2562.52
2018-05-25,2559.44
2018-05-26,2585.22
2018-05-27,2585.22
2018-05-28,2585.22
2018-05-29,2609.68
2018-05-30,2622.31
2018-05-31,2613.35
2018-06-01,2599.11
2018-06-02,2598.24
2018-06-03,2598.24
2018-06-04,2598.24
2018-06-05,2577.73
2018-06-06,2575.16
2018-06-07,2582.15
2018-06-08,2580.13
2018-06-09,2617.66
2018-06-10,2602.18
2018-06-11,2617.66
2018-06-12,2617.66
2018-06-13,2617.66
2018-06-14,2626.65
2018-06-15,2612.45
2018-06-16,2620.18
2018-06-17,2620.18
2018-06-18,2620.18
2018-06-19,2615.1
2018-06-20,2634.54
2018-06-21,2604.24
2018-06-22,2591.61
2018-06-23,2581.55
2018-06-24,2581.55
2018-06-25,2581.55
2018-06-26,2569.92
2018-06-27,2537.9
2018-06-28,2551.13
2018-06-29,2544.58
2018-06-30,2523.19
2018-07-01,2523.19
2018-07-02,2523.19
2018-07-03,2535.44
2018-07-04,2532.25
2018-07-05,2555.01
2018-07-06,2547.42
2018-07-07,2545.28
2018-07-08,2545.28
2018-07-09,2545.28
2018-07-10,2550.64
2018-07-11,2516.96
2018-07-12,2495.62
2018-07-13,2489.67
2018-07-14,2484.45
2018-07-15,2484.45
2018-07-16,2484.45
2018-07-17,2491.75
2018-07-18,2496.42
2018-07-19,2474.18
2018-07-20,2476.59
2018-07-21,2500.18
2018-07-22,2500.18
2018-07-23,2500.18
2018-07-24,2497.98
2018-07-25,2476.8
2018-07-26,2495.78
2018-07-27,2485.93
2018-07-28,2468.31
2018-07-29,2468.31
2018-07-30,2468.31
2018-07-31,2466.63
2018-08-01,2443.99
2018-08-02,2459.34
2018-08-03,2471.56
2018-08-04,2463.85
2018-08-05,2463.85
2018-08-06,2463.85
2018-08-07,2474.29
2018-08-08,2482.99
2018-08-09,2478.8
2018-08-10,2590.39
2018-08-11,2606.41
2018-08-12,2606.41
2018-08-13,2606.41
2018-08-14,2641.77
2018-08-15,2565.32
2018-08-16,2532.51
2018-08-17,2537.03
2018-08-18,2530.03
2018-08-19,2530.03
2018-08-20,2530.03
2018-08-21,2567.59
2018-08-22,2579.05
2018-08-23,2601.85
2018-08-24,2615.81
2018-08-25,2593.54
2018-08-26,2593.54
2018-08-27,2593.54
2018-08-28,2595.22
2018-08-29,2627.63
2018-08-30,2638.52
2018-08-31,2631.81
2018-09-01,2640.21
2018-09-02,2640.21
2018-09-03,2640.21
2018-09-04,2617.34
2018-09-05,2624.73
2018-09-06,2629.69
2018-09-07,2642.6
2018-09-08,2664.85
2018-09-09,2664.85
2018-09-10,2664.85
2018-09-11,2686.15
2018-09-12,2686.17
2018-09-13,2679.26
2018-09-14,2662.75
2018-09-15,2648.01
2018-09-16,2648.01
2018-09-17,2648.01
2018-09-18,2624.04
2018-09-19,2612.62
2018-09-20,2591.76
2018-09-21,2570.98
2018-09-22,2572.16
2018-09-23,2572.16
2018-09-24,2572.16
2018-09-25,2549.83
2018-09-26,2538.4
2018-09-27,2534.48
2018-09-28,2531.52
2018-09-29,2495.75
2018-09-30,2495.75
2018-10-01,2495.75
2018-10-02,2498.93
2018-10-03,2500.91
2018-10-04,2531.49
2018-10-05,2553.33
2018-10-06,2572.88
2018-10-07,2572.88
2018-10-08,2572.88
2018-10-09,2572.51
2018-10-10,2534.99
2018-10-11,2524.47
2018-10-12,2578.51
2018-10-13,2585.15
2018-10-14,2585.15
2018-10-15,2585.15
2018-10-16,2606.48
2018-10-17,2589.01
2018-10-18,2579.54
2018-10-19,2587.66
2018-10-20,2598.94
2018-10-21,2598.94
2018-10-22,2598.94
2018-10-23,2567.66
2018-10-24,2594.47
2018-10-25,2598.84
2018-10-26,2604.56
2018-10-27,2608.31
2018-10-28,2608.31
2018-10-29,2608.31
2018-10-30,2604.18
2018-10-31,2579.92
2018-11-01,2568.09
2018-11-02,2581.97
2018-11-03,2604.98
2018-11-04,2604.98
2018-11-05,2604.98
2018-11-06,2604.98
2018-11-07,2619.94
2018-11-08,2624.36
2018-11-09,2604.57
2018-11-10,2620.06
2018-11-11,2620.06
2018-11-12,2620.06
2018-11-13,2620.43
2018-11-14,2605.87
2018-11-15,2626.57
2018-11-16,2592.8
2018-11-17,2579.59
2018-11-18,2579.59
2018-11-19,2579.59
2018-11-20,2596.63
2018-11-21,2579.12
2018-11-22,2595.24
2018-11-23,2590.75
2018-11-24,2580.23
2018-11-25,2580.23
2018-11-26,2580.23
2018-11-27,2622.89
2018-11-28,2630.21
2018-11-29,2611.15
2018-11-30,2627.47
2018-12-01,2610.66
2018-12-02,2610.66
2018-12-03,2610.66
2018-12-04,2623.78
2018-12-05,2647.42
2018-12-06,2655.8
2018-12-07,2653.01
2018-12-08,2670.58
2018-12-09,2670.58
2018-12-10,2670.58
2018-12-11,2655.33
2018-12-12,2668.88
2018-12-13,2658.2
2018-12-14,2650.86
2018-12-15,2646.69
2018-12-16,2646.69
2018-12-17,2646.69
2018-12-18,2654.04
2018-12-19,2679.82
2018-12-20,2694.11
2018-12-21,2718.36
2018-12-22,2749.77
2018-12-23,2749.77
2018-12-24,2749.77
2018-12-25,2773.92
2018-12-26,2787.61
2018-12-27,2793.35
2018-12-28,2814.75
2018-12-29,2854.88
2018-12-30,2856.68
2018-12-31,2854.88
2019-01-01,2854.88
2019-01-02,2854.88
2019-01-03,2854.88
2019-01-04,2854.88
2019-01-05,2854.88
2019-01-06,2854.88
2019-01-07,2854.88
2019-01-08,2854.88
2019-01-09,2854.88
2019-01-10,2763.32
2019-01-11,2778.16
2019-01-12,2781.36
2019-01-13,2781.36
2019-01-14,2781.36
2019-01-15,2794.74
2019-01-16,2780.79
2019-01-17,2769.98
2019-01-18,2764.26
2019-01-19,2740.48
2019-01-20,2740.48
2019-01-21,2740.48
2019-01-22,2728.27
2019-01-23,2748.89
2019-01-24,2740.2
2019-01-25,2715.63
2019-01-26,2718.93
2019-01-27,2718.93
2019-01-28,2718.93
2019-01-29,2757.73
2019-01-30,2790.6
2019-01-31,2790.18
2019-02-01,2778.97
2019-02-02,2788.13
2019-02-03,2788.13
2019-02-04,2788.13
2019-02-05,2764.42
2019-02-06,2770.04
2019-02-07,2772.87
2019-02-08,2773.37
2019-02-09,2784.73
2019-02-10,2784.73
2019-02-11,2784.73
2019-02-12,2758.22
2019-02-13,2771.12
2019-02-14,2768.63
2019-02-15,2793.31
2019-02-16,2826.58
2019-02-17,2826.58
2019-02-18,2826.58
2019-02-19,2819.87
2019-02-20,2829.88
2019-02-21,2849.42
2019-02-22,2813.17
2019-02-23,2785.12
2019-02-24,2785.12
2019-02-25,2785.12
2019-02-26,2788.69
2019-02-27,2800.7
2019-02-28,2804.29
2019-03-01,2807.83
2019-03-02,2771.83
2019-03-03,2771.83
2019-03-04,2771.83
2019-03-05,2723.44
2019-03-06,2718.46
2019-03-07,2721.38
2019-03-08,2728.21
2019-03-09,2728.21
2019-03-10,2728.21
2019-03-11,2728.21
2019-03-12,2753.97
2019-03-13,2742.36
2019-03-14,2759.07
2019-03-15,2731.86
2019-03-16,2739.87
2019-03-17,2739.87
2019-03-18,2739.87
2019-03-19,2714.04
2019-03-20,2705.44
2019-03-21,2692.86
2019-03-22,2699.61
2019-03-23,2688.11
2019-03-24,2688.11
2019-03-25,2688.11
2019-03-26,2735.93
2019-03-27,2713.44
2019-03-28,2737.6
2019-03-29,2722.8
2019-03-30,2687.23
2019-03-31,2687.23
2019-04-01,2687.23
2019-04-02,2717.15
2019-04-03,2709.54
2019-04-04,2706.51
2019-04-05,2712.81
2019-04-06,2710.41
2019-04-07,2710.41
2019-04-08,2710.41
2019-04-09,2725.26
2019-04-10,2711.25
2019-04-11,2715.75
2019-04-12,2701.25
2019-04-13,2688.57
2019-04-14,2688.57
2019-04-15,2688.57
2019-04-16,2657.89
2019-04-17,2651.5
2019-04-18,2623.51
2019-04-19,2629.41
2019-04-20,2623.31
2019-04-21,2623.31
2019-04-22,2623.31
2019-04-23,2616.16
2019-04-24,2611.74
2019-04-25,2620.2
2019-04-26,2657.28
2019-04-27,2665.93
2019-04-28,2665.93
2019-04-29,2665.93
2019-04-30,2666.72
2019-05-01,2670.47
2019-05-02,2670.47
2019-05-03,2670.47
2019-05-04,2670.47
2019-05-05,2670.47
2019-05-06,2670.47
2019-05-07,2685.68
2019-05-08,2686.58
2019-05-09,2700.6
2019-05-10,2700.6
2019-05-11,2700.6
2019-05-12,2700.6
2019-05-13,2700.6
2019-05-14,2700.5
2019-05-15,2724.24
2019-05-16,2708.13
2019-05-17,2689.1
2019-05-18,2671.88
2019-05-19,2671.88
2019-05-20,2671.88
2019-05-21,2644.05
2019-05-22,2647.59
2019-05-23,2638.46
2019-05-24,2645.61
2019-05-25,2662.03
2019-05-26,2662.03
2019-05-27,2662.03
2019-05-28,2658.05
2019-05-29,2664.08
2019-05-30,2678.47
2019-05-31,2669.91
2019-06-01,2724.35
2019-06-02,2724.35
2019-06-03,2724.35
2019-06-04,2769.32
2019-06-05,2772.92
2019-06-06,2800.97
2019-06-07,2803.38
2019-06-08,2790.11
2019-06-09,2790.11
2019-06-10,2790.11
2019-06-11,2767.62
2019-06-12,2743.48
2019-06-13,2743.48
2019-06-14,2775.72
2019-06-15,2801.67
2019-06-16,2801.67
2019-06-17,2801.67
2019-06-18,2756.91
2019-06-19,2781.1
2019-06-20,2761.3
2019-06-21,2815.75
2019-06-22,2817.88
2019-06-23,2817.88
2019-06-24,2817.88
2019-06-25,2842.64
2019-06-26,2873.62
2019-06-27,2840.7
2019-06-28,2842.29
2019-06-29,2865.87
2019-06-30,2865.87
2019-07-01,2865.87
2019-07-02,2817.96
2019-07-03,2831.86
2019-07-04,2909.22
2019-07-05,2884.84
2019-07-06,2891.42
2019-07-07,2891.42
2019-07-08,2891.42
2019-07-09,2884.91
2019-07-10,2845.37
2019-07-11,2862.32
2019-07-12,2882.23
2019-07-13,2847.96
2019-07-14,2847.96
2019-07-15,2847.96
2019-07-16,2860.78
2019-07-17,2859.79
2019-07-18,2834.84
2019-07-19,2870.2
2019-07-20,2904.57
2019-07-21,2904.57
2019-07-22,2904.57
2019-07-23,2884.19
2019-07-24,2877.12
2019-07-25,2892.77
2019-07-26,2896.27
2019-07-27,2878.45
2019-07-28,2878.45
2019-07-29,2878.45
2019-07-30,2897.85
2019-07-31,2910.73
2019-08-01,2916.76
2019-08-02,2886.37
2019-08-03,2984.54
2019-08-04,2984.54
2019-08-05,2984.54
2019-08-06,3048.33
2019-08-07,3064.51
2019-08-08,3113.34
2019-08-09,3135.52
2019-08-10,3154.3
2019-08-11,3154.3
2019-08-12,3154.3
2019-08-13,3159.47
2019-08-14,3221.08
2019-08-15,3145.23
2019-08-16,3215.04
2019-08-17,3201.94
2019-08-18,3201.94
2019-08-19,3201.94
2019-08-20,3210.86
2019-08-21,3226.42
2019-08-22,3194.86
2019-08-23,3161.83
2019-08-24,3154.36
2019-08-25,3154.36
2019-08-26,3154.36
2019-08-27,3189.7
2019-08-28,3263.35
2019-08-29,3291.97
2019-08-30,3297.6
2019-08-31,3263.29
2019-09-01,3263.29
2019-09-02,3263.29
2019-09-03,3263.01
2019-09-04,3296.48
2019-09-05,3290.0
2019-09-06,3275.94
2019-09-07,3193.33
2019-09-08,3193.33
2019-09-09,3193.33
2019-09-10,3183.15
2019-09-11,3144.52
2019-09-12,3142.18
2019-09-13,3150.08
2019-09-14,3122.25
2019-09-15,3122.25
2019-09-16,3122.25
2019-09-17,3082.34
2019-09-18,3090.88
2019-09-19,3111.72
2019-09-20,3093.77
2019-09-21,3087.59
2019-09-22,3087.59
2019-09-23,3087.59
2019-09-24,3123.92
2019-09-25,3113.77
2019-09-26,3159.17
2019-09-27,3114.97
2019-09-28,3098.54
2019-09-29,3098.54
2019-09-30,3098.54
2019-10-01,3091.6
2019-10-02,3067.01
2019-10-03,3122.35
2019-10-04,3149.4
2019-10-05,3156.0
2019-10-06,3156.0
2019-10-07,3156.0
2019-10-08,3130.78
2019-10-09,3128.29
2019-10-10,3146.52
2019-10-11,3139.3
2019-10-12,3093.85
2019-10-13,3093.85
2019-10-14,3093.85
2019-10-15,3092.08
2019-10-16,3087.91
2019-10-17,3067.03
2019-10-18,3055.16
2019-10-19,3058.56
2019-10-20,3058.56
2019-10-21,3058.56
2019-10-22,3056.17
2019-10-23,3043.12
2019-10-24,3065.02
2019-10-25,3056.83
2019-10-26,3095.87
2019-10-27,3095.87
2019-10-28,3095.87
2019-10-29,3090.57
2019-10-30,3063.49
2019-10-31,3060.14
2019-11-01,3088.73
2019-11-02,3108.27
2019-11-03,3108.27
2019-11-04,3108.27
2019-11-05,3108.27
2019-11-06,3059.56
2019-11-07,3043.19
2019-11-08,3040.86
2019-11-09,3005.5
2019-11-10,3005.5
2019-11-11,3005.5
2019-11-12,3011.34
2019-11-13,2987.0
2019-11-14,3020.71
2019-11-15,3029.82
2019-11-16,3010.41
2019-11-17,3010.41
2019-11-18,3010.41
2019-11-19,2989.35
2019-11-20,3003.55
2019-11-21,3037.48
2019-11-22,3015.06
2019-11-23,3013.7
2019-11-24,3013.7
2019-11-25,3013.7
2019-11-26,2991.94
2019-11-27,3000.45
2019-11-28,3002.45
2019-11-29,3003.83
2019-11-30,3000.48
2019-12-01,3000.48
2019-12-02,3000.48
2019-12-03,3018.22
2019-12-04,3032.19
2019-12-05,3046.02
2019-12-06,3025.36
2019-12-07,3021.37
2019-12-08,3021.37
2019-12-09,3021.37
2019-12-10,2998.6
2019-12-11,2993.49
2019-12-12,3000.21
2019-12-13,2997.7
2019-12-14,2957.63
2019-12-15,2957.63
2019-12-16,2957.63
2019-12-17,2981.48
2019-12-18,2972.28
2019-12-19,2975.68
2019-12-20,2964.03
2019-12-21,2963.3
2019-12-22,2963.3
2019-12-23,2963.3
2019-12-24,2969.95
2019-12-25,2979.8
2019-12-26,2958.18
2019-12-27,2960.64
2019-12-28,3012.68
2019-12-29,3012.68
2019-12-30,3012.68
2019-12-31,3008.36
2020-01-01,3031.25
2020-01-02,3031.25
2020-01-03,3031.25
2020-01-04,3031.25
2020-01-05,3031.25
2020-01-06,3031.25
2020-01-07,3031.25
2020-01-08,3031.25
2020-01-09,3031.25
2020-01-10,3047.28
2020-01-11,3050.6
2020-01-12,3050.6
2020-01-13,3050.6
2020-01-14,3037.92
2020-01-15,3050.51
2020-01-16,3065.17
2020-01-17,3078.52
2020-01-18,3079.29
2020-01-19,3079.29
2020-01-20,3079.29
2020-01-21,3081.32
2020-01-22,3094.9
2020-01-23,3097.53
2020-01-24,3095.33
2020-01-25,3103.42
2020-01-26,3103.42
2020-01-27,3103.42
2020-01-28,3173.57
2020-01-29,3190.83
2020-01-30,3151.82
2020-01-31,3202.92
2020-02-01,3209.04
2020-02-02,3209.04
2020-02-03,3209.04
2020-02-04,3244.1
2020-02-05,3204.39
2020-02-06,3152.67
2020-02-07,3159.22
2020-02-08,3200.38
2020-02-09,3200.38
2020-02-10,3200.38
2020-02-11,3227.24
2020-02-12,3223.2
2020-02-13,3175.81
2020-02-14,3220.62
2020-02-15,3215.88
2020-02-16,3215.88
2020-02-17,3215.88
2020-02-18,3216.56
2020-02-19,3256.2
2020-02-20,3295.6
2020-02-21,3300.14
2020-02-22,3377.38
2020-02-23,3377.38
2020-02-24,3377.38
2020-02-25,3377.38
2020-02-26,3456.3
2020-02-27,3471.31
2020-02-28,3473.34
2020-02-29,3502.84
2020-03-01,3502.84
2020-03-02,3502.84
2020-03-03,3432.64
2020-03-04,3415.91
2020-03-05,3494.33
2020-03-06,3505.62
2020-03-07,3662.03
2020-03-08,3662.03
2020-03-09,3662.03
2020-03-10,3662.03
2020-03-11,3837.74
2020-03-12,3820.22
2020-03-13,3895.28
2020-03-14,3737.0
2020-03-15,3737.0
2020-03-16,3737.0
2020-03-17,3585.9
2020-03-18,3497.72
2020-03-19,3738.58
2020-03-20,3815.92
2020-03-21,3774.94
2020-03-22,3774.94
2020-03-23,3774.94
2020-03-24,3886.3
2020-03-25,4054.83
2020-03-26,4054.15
2020-03-27,4100.44
2020-03-28,4051.63
2020-03-29,4051.63
2020-03-30,4051.63
2020-03-31,4051.63
2020-04-01,4051.63
2020-04-02,4051.63
2020-04-03,4051.63
2020-04-04,4051.63
2020-04-05,4051.63
2020-04-06,4051.63
2020-04-07,4020.39
2020-04-08,4008.13
2020-04-09,4016.12
2020-04-10,3987.68
2020-04-11,3985.1
2020-04-12,3985.1
2020-04-13,3985.1
2020-04-14,3972.83
2020-04-15,4044.48
2020-04-16,4057.99
2020-04-17,4126.35
2020-04-18,4025.22
2020-04-19,4025.22
2020-04-20,4025.22
2020-04-21,4044.82
2020-04-22,4115.41
2020-04-23,4217.37
2020-04-24,4172.81
2020-04-25,4149.17
2020-04-26,4149.17
2020-04-27,4149.17
2020-04-28,4112.99
2020-04-29,4095.17
2020-04-30,4041.8
2020-05-01,4014.11
2020-05-02,4014.11
2020-05-03,4014.11
2020-05-04,4014.11
2020-05-05,4014.11
2020-05-06,4014.11
2020-05-07,4040.41
2020-05-08,4023.9
2020-05-09,4047.21
2020-05-10,4047.21
2020-05-11,4047.21
2020-05-12,4047.21
2020-05-13,4021.69
2020-05-14,4021.35
2020-05-15,4079.71
2020-05-16,4083.17
2020-05-17,4083.17
2020-05-18,4083.17
2020-05-19,4122.31
2020-05-20,4038.71
2020-05-21,4070.13
2020-05-22,3951.23
2020-05-23,4003.7
2020-05-24,4003.7
2020-05-25,4003.7
2020-05-26,3990.41
2020-05-27,3940.32
2020-05-28,3895.83
2020-05-29,3939.39
2020-05-30,3925.38
2020-05-31,3925.38
2020-06-01,3925.38
2020-06-02,3888.16
2020-06-03,3859.62
2020-06-04,3773.95
2020-06-05,3786.42
2020-06-06,3772.23
2020-06-07,3772.23
2020-06-08,3772.23
2020-06-09,3716.12
2020-06-10,3770.05
2020-06-11,3789.36
2020-06-12,3848.83
2020-06-13,3848.83
2020-06-14,3848.83
2020-06-15,3848.83
2020-06-16,3871.06
2020-06-17,3875.98
2020-06-18,3836.28
2020-06-19,3878.14
2020-06-20,3866.43
2020-06-21,3866.43
2020-06-22,3866.43
2020-06-23,3899.24
2020-06-24,3887.67
2020-06-25,3929.94
2020-06-26,3927.51
2020-06-27,3916.32
2020-06-28,3916.32
2020-06-29,3916.32
2020-06-30,3978.0
2020-07-01,4010.17
2020-07-02,4047.99
2020-07-03,4017.25
2020-07-04,4022.46
2020-07-05,4022.46
2020-07-06,4022.46
2020-07-07,4069.87
2020-07-08,4119.83
2020-07-09,4121.14
2020-07-10,4130.29
2020-07-11,4135.33
2020-07-12,4135.33
2020-07-13,4135.33
2020-07-14,4112.58
2020-07-15,4112.12
2020-07-16,4118.45
2020-07-17,4132.77
2020-07-18,4156.86
2020-07-19,4156.86
2020-07-20,4156.86
2020-07-21,4188.41
2020-07-22,4159.87
2020-07-23,4212.67
2020-07-24,4294.6
2020-07-25,4359.47
2020-07-26,4359.47
2020-07-27,4359.47
2020-07-28,4466.19
2020-07-29,4466.49
2020-07-30,4538.78
2020-07-31,4604.62
2020-08-01,4661.68
2020-08-02,4661.68
2020-08-03,4661.68
2020-08-04,4704.01
2020-08-05,4653.01
2020-08-06,4793.21
2020-08-07,4811.98
2020-08-08,4880.61
2020-08-09,4880.61
2020-08-10,4880.61
2020-08-11,4815.71
2020-08-12,4695.8
2020-08-13,4548.31
2020-08-14,4569.73
2020-08-15,4586.18
2020-08-16,4586.18
2020-08-17,4586.18
2020-08-18,4574.27
2020-08-19,4733.95
2020-08-20,4693.26
2020-08-21,4572.94
2020-08-22,4604.75
2020-08-23,4604.75
2020-08-24,4604.75
2020-08-25,4659.72
2020-08-26,4612.67
2020-08-27,4659.27
2020-08-28,4689.71
2020-08-29,4693.4
2020-08-30,4693.4
2020-08-31,4693.4
2020-09-01,4644.5
2020-09-02,4703.11
2020-09-03,4675.61
2020-09-04,4692.8
2020-09-05,4683.5
2020-09-06,4683.5
2020-09-07,4683.5
2020-09-08,4686.6
2020-09-09,4690.71
2020-09-10,4716.38
2020-09-11,4722.48
2020-09-12,4681.88
2020-09-13,4681.88
2020-09-14,4681.88
2020-09-15,4665.67
2020-09-16,4746.61
2020-09-17,4733.17
2020-09-18,4680.61
2020-09-19,4715.5
2020-09-20,4715.5
2020-09-21,4715.5
2020-09-22,4720.43
2020-09-23,4666.73
2020-09-24,4635.01
2020-09-25,4592.32
2020-09-26,4618.65
2020-09-27,4618.65
2020-09-28,4618.65
2020-09-29,4681.68
2020-09-30,4822.55
2020-10-01,4770.62
2020-10-02,4709.54
2020-10-03,4786.39
2020-10-04,4786.39
2020-10-05,4786.39
2020-10-06,4771.68
2020-10-07,4827.56
2020-10-08,4740.23
2020-10-09,4737.92
2020-10-10,4736.09
2020-10-11,4736.09
2020-10-12,4736.09
2020-10-13,4754.14
2020-10-14,4772.77
2020-10-15,4711.68
2020-10-16,4740.64
2020-10-17,4783.12
2020-10-18,4783.12
2020-10-19,4783.12
2020-10-20,4785.15
2020-10-21,4767.05
2020-10-22,4752.55
2020-10-23,4750.35
2020-10-24,4697.13
2020-10-25,4697.13
2020-10-26,4697.13
2020-10-27,4673.64
2020-10-28,4667.69
2020-10-29,4729.52
2020-10-30,4759.17
2020-10-31,4784.4
2020-11-01,4784.4
2020-11-02,4784.4
2020-11-03,4887.7
2020-11-04,4886.56
2020-11-05,4886.56
2020-11-06,4834.96
2020-11-07,4834.1
2020-11-08,4834.1
2020-11-09,4834.1
2020-11-10,4842.82
2020-11-11,4605.21
2020-11-12,4596.93
2020-11-13,4631.33
2020-11-14,4669.38
2020-11-15,4669.38
2020-11-16,4669.38
2020-11-17,4680.45
2020-11-18,4622.23
2020-11-19,4582.44
2020-11-20,4554.16
2020-11-21,4562.65
2020-11-22,4562.65
2020-11-23,4562.65
2020-11-24,4539.73
2020-11-25,4431.61
2020-11-26,4388.45
2020-11-27,4402.52
2020-11-28,4409.74
2020-11-29,4409.74
2020-11-30,4409.74
2020-12-01,4341.07
2020-12-02,4407.43
2020-12-03,4456.05
2020-12-04,4436.04
2020-12-05,4390.93
2020-12-06,4390.93
2020-12-07,4390.93
2020-12-08,4375.28
2020-12-09,4415.66
2020-12-10,4383.23
2020-12-11,4346.88
2020-12-12,4310.63
2020-12-13,4310.63
2020-12-14,4310.63
2020-12-15,4267.87
2020-12-16,4354.98
2020-12-17,4393.73
2020-12-18,4392.15
2020-12-19,4428.96
2020-12-20,4428.96
2020-12-21,4428.96
2020-12-22,4487.62
2020-12-23,4538.16
2020-12-24,4529.59
2020-12-25,4505.61
2020-12-26,4436.55
2020-12-27,4436.55
2020-12-28,4436.55
2020-12-29,4438.08
2020-12-30,4437.61
2020-12-31,4459.48
2021-01-01,4491.66
2021-01-02,4491.66
2021-01-03,4491.66
2021-01-04,4491.66
2021-01-05,4491.66
2021-01-06,4491.66
2021-01-07,4491.66
2021-01-08,4491.66
2021-01-09,4491.66
2021-01-10,4491.66
2021-01-11,4491.66
2021-01-12,4426.84
2021-01-13,4445.57
2021-01-14,4378.94
2021-01-15,4366.17
2021-01-16,4383.49
2021-01-17,4383.49
2021-01-18,4383.49
2021-01-19,4361.69
2021-01-20,4368.68
2021-01-21,4373.92
2021-01-22,4405.56
2021-01-23,4431.54
2021-01-24,4431.54
2021-01-25,4431.54
2021-01-26,4465.88
2021-01-27,4506.49
2021-01-28,4454.61
2021-01-29,4506.07
2021-01-30,4542.04
2021-01-31,4542.04
2021-02-01,4542.04
2021-02-02,4509.9
2021-02-03,4507.67
2021-02-04,4487.73
2021-02-05,4410.67
2021-02-06,4367.4
2021-02-07,4367.4
2021-02-08,4367.4
2021-02-09,4325.35
2021-02-10,4400.3
2021-02-11,4377.11
2021-02-12,4367.35
2021-02-13,4321.67
2021-02-14,4321.67
2021-02-15,4321.67
2021-02-16,4283.63
2021-02-17,4296.61
2021-02-18,4242.54
2021-02-19,4228.69
2021-02-20,4218.41
2021-02-21,4248.68
2021-02-22,4218.41
2021-02-23,4218.41
2021-02-24,4218.41
2021-02-25,4285.38
2021-02-26,4233.41
2021-02-27,4224.26
2021-02-28,4224.26
2021-03-01,4224.26
2021-03-02,4158.78
2021-03-03,4144.35
2021-03-04,4082.19
2021-03-05,4056.73
2021-03-06,4058.47
2021-03-07,4058.47
2021-03-08,4058.47
2021-03-09,4058.47
2021-03-10,4065.79
2021-03-11,4074.08
2021-03-12,4103.11
2021-03-13,4026.77
2021-03-14,4026.77
2021-03-15,4026.77
2021-03-16,4068.26
2021-03-17,4063.59
2021-03-18,4082.32
2021-03-19,4106.63
2021-03-20,4140.83
2021-03-21,4140.83
2021-03-22,4140.83
2021-03-23,4157.94
2021-03-24,4213.91
2021-03-25,4245.63
2021-03-26,4234.9
2021-03-27,4208.46
2021-03-28,4208.46
2021-03-29,4208.46
2021-03-30,4202.9
2021-03-31,4129.57
2021-04-01,4098.42
2021-04-02,4181.97
2021-04-03,4221.6
2021-04-04,4221.6
2021-04-05,4221.6
2021-04-06,4251.11
2021-04-07,4250.9
2021-04-08,4340.8
2021-04-09,4322.38
2021-04-10,4336.55
2021-04-11,4336.55
2021-04-12,4336.55
2021-04-13,4339.97
2021-04-14,4292.18
2021-04-15,4241.89
2021-04-16,4326.28
2021-04-17,4290.88
2021-04-18,4290.88
2021-04-19,4290.88
2021-04-20,4384.2
2021-04-21,4314.8
2021-04-22,4398.86
2021-04-23,4387.37
2021-04-24,4310.03
2021-04-25,4310.03
2021-04-26,4310.03
2021-04-27,4278.0
2021-04-28,4291.88
2021-04-29,4250.44
2021-04-30,4243.98
2021-05-01,4256.31
2021-05-02,4256.31
2021-05-03,4256.31
2021-05-04,4256.31
2021-05-05,4318.79
2021-05-06,4279.51
2021-05-07,4299.44
2021-05-08,4339.29
2021-05-09,4339.29
2021-05-10,4339.29
2021-05-11,4339.29
2021-05-12,4380.12
2021-05-13,4364.77
2021-05-14,4337.3
2021-05-15,4361.99
2021-05-16,4361.99
2021-05-17,4361.99
2021-05-18,4389.05
2021-05-19,4424.77
2021-05-20,4405.96
2021-05-21,4423.47
2021-05-22,4441.88
2021-05-23,4441.88
2021-05-24,4441.88
2021-05-25,4436.75
2021-05-26,4442.93
2021-05-27,4498.4
2021-05-28,4475.59
2021-05-29,4477.3
2021-05-30,4477.3
2021-05-31,4477.3
2021-06-01,4477.3
2021-06-02,4492.16
2021-06-03,4480.03
2021-06-04,4456.92
2021-06-05,4404.19
2021-06-06,4404.19
2021-06-07,4404.19
2021-06-08,4412.9
2021-06-09,4430.04
2021-06-10,4381.15
2021-06-11,4368.5
2021-06-12,4360.1
2021-06-13,4360.1
2021-06-14,4360.1
2021-06-15,4360.1
2021-06-16,4304.46
2021-06-17,4303.16
2021-06-18,4211.68
2021-06-19,4161.79
2021-06-20,4161.79
2021-06-21,4161.79
2021-06-22,4194.8
2021-06-23,4185.05
2021-06-24,4165.39
2021-06-25,4139.56
2021-06-26,4137.67
2021-06-27,4137.67
2021-06-28,4137.67
2021-06-29,4117.26
2021-06-30,4117.54
2021-07-01,4109.93
2021-07-02,4158.37
2021-07-03,4221.29
2021-07-04,4221.29
2021-07-05,4221.29
2021-07-06,4223.75
2021-07-07,4258.37
2021-07-08,4295.95
2021-07-09,4376.42
2021-07-10,4317.67
2021-07-11,4317.67
2021-07-12,4317.67
2021-07-13,4326.22
2021-07-14,4304.58
2021-07-15,4320.73
2021-07-16,4371.55
2021-07-17,4344.52
2021-07-18,4344.52
2021-07-19,4344.52
2021-07-20,4310.29
2021-07-21,4347.53
2021-07-22,4325.24
2021-07-23,4258.64
2021-07-24,4276.19
2021-07-25,4276.19
2021-07-26,4276.19
2021-07-27,4307.56
2021-07-28,4266.86
2021-07-29,4258.18
2021-07-30,4281.39
2021-07-31,4299.07
2021-08-01,4299.07
2021-08-02,4299.07
2021-08-03,4243.23
2021-08-04,4239.95
2021-08-05,4241.34
2021-08-06,4260.67
2021-08-07,4230.86
2021-08-08,4230.86
2021-08-09,4230.86
2021-08-10,4115.74
2021-08-11,4092.41
2021-08-12,4123.87
2021-08-13,4152.17
2021-08-14,4151.89
2021-08-15,4151.89
2021-08-16,4151.89
2021-08-17,4190.07
2021-08-18,4238.06
2021-08-19,4223.31
2021-08-20,4263.04
2021-08-21,4262.78
2021-08-22,4262.78
2021-08-23,4262.78
2021-08-24,4255.14
2021-08-25,4286.39
2021-08-26,4255.03
2021-08-27,4243.41
2021-08-28,4271.0
2021-08-29,4271.0
2021-08-30,4271.0
2021-08-31,4254.3
2021-09-01,4274.39
2021-09-02,4268.38
2021-09-03,4251.36
2021-09-04,4244.41
2021-09-05,4244.41
2021-09-06,4244.41
2021-09-07,4277.87
2021-09-08,4260.95
2021-09-09,4245.35
2021-09-10,4221.14
2021-09-11,4210.48
2021-09-12,4210.48
2021-09-13,4210.48
2021-09-14,4200.92
2021-09-15,4181.7
2021-09-16,4219.32
2021-09-17,4148.59
2021-09-18,4120.07
2021-09-19,4120.07
2021-09-20,4120.07
2021-09-21,4142.76
2021-09-22,4157.6
2021-09-23,4159.94
2021-09-24,4140.97
2021-09-25,4119.8
2021-09-26,4119.8
2021-09-27,4119.8
2021-09-28,4086.21
2021-09-29,4055.46
2021-09-30,4074.26
2021-10-01,4043.86
2021-10-02,4115.97
2021-10-03,4115.97
2021-10-04,4115.97
2021-10-05,4107.31
2021-10-06,4101.65
2021-10-07,4078.88
2021-10-08,4086.92
2021-10-09,4067.69
2021-10-10,4067.69
2021-10-11,4067.69
2021-10-12,4036.46
2021-10-13,4065.28
2021-10-14,4083.3
2021-10-15,4147.69
2021-10-16,4080.1
2021-10-17,4080.1
2021-10-18,4080.1
2021-10-19,4032.86
2021-10-20,4059.97
2021-10-21,4062.16
2021-10-22,4074.76
2021-10-23,4083.35
2021-10-24,4083.35
2021-10-25,4083.35
2021-10-26,4056.97
2021-10-27,4029.35
2021-10-28,4003.77
2021-10-29,4077.04
2021-10-30,4072.7
2021-10-31,4072.7
2021-11-01,4072.7
2021-11-02,4083.12
2021-11-03,4117.01
2021-11-04,4095.36
2021-11-05,4095.36
2021-11-06,4095.36
2021-11-07,4095.36
2021-11-08,4095.36
2021-11-09,4173.18
2021-11-10,4181.37
2021-11-11,4147.92
2021-11-12,4255.85
2021-11-13,4271.28
2021-11-14,4271.28
2021-11-15,4271.28
2021-11-16,4330.74
2021-11-17,4367.41
2021-11-18,4351.2
2021-11-19,4342.8
2021-11-20,4354.45
2021-11-21,4354.45
2021-11-22,4354.45
2021-11-23,4347.74
2021-11-24,4324.17
2021-11-25,4282.04
2021-11-26,4294.8
2021-11-27,4398.15
2021-11-28,4398.15
2021-11-29,4398.15
2021-11-30,4327.24
2021-12-01,4328.35
2021-12-02,4249.61
2021-12-03,4228.3
2021-12-04,4204.75
2021-12-05,4204.75
2021-12-06,4204.75
2021-12-07,4218.93
2021-12-08,4242.07
2021-12-09,4249.31
2021-12-10,4220.04
2021-12-11,4193.17
2021-12-12,4193.17
2021-12-13,4193.17
2021-12-14,4211.67
2021-12-15,4210.1
2021-12-16,4201.2
2021-12-17,4222.51
2021-12-18,4284.8
2021-12-19,4284.8
2021-12-20,4284.8
2021-12-21,4293.32
2021-12-22,4262.24
2021-12-23,4246.37
2021-12-24,4258.43
2021-12-25,4202.69
2021-12-26,4202.69
2021-12-27,4202.69
2021-12-28,4205.24
2021-12-29,4220.34
2021-12-30,4253.66
2021-12-31,4297.62
2022-01-01,4297.62
2022-01-02,4297.62
2022-01-03,4297.62
2022-01-04,4297.62
2022-01-05,4297.62
2022-01-06,4297.62
2022-01-07,4297.62
2022-01-08,4297.62
2022-01-09,4297.62
2022-01-10,4297.62
2022-01-11,4349.29
2022-01-12,4343.34
2022-01-13,4352.31
2022-01-14,4369.08
2022-01-15,4438.92
2022-01-16,4438.92
2022-01-17,4438.92
2022-01-18,4449.57
2022-01-19,4444.09
2022-01-20,4491.8
2022-01-21,4513.92
2022-01-22,4522.62
2022-01-23,4522.62
2022-01-24,4522.62
2022-01-25,4572.35
2022-01-26,4641.26
2022-01-27,4683.3
2022-01-28,4608.11
2022-01-29,4478.88
2022-01-30,4478.88
2022-01-31,4478.88
2022-02-01,4459.89
2022-02-02,4479.74
2022-02-03,4431.2
2022-02-04,4445.08
2022-02-05,4436.74
2022-02-06,4436.74
2022-02-07,4436.74
2022-02-08,4406.86
2022-02-09,4408.79
2022-02-10,4396.44
2022-02-11,4401.98
2022-02-12,4402.86
2022-02-13,4402.86
2022-02-14,4402.86
2022-02-15,4568.94
2022-02-16,4542.75
2022-02-17,4472.36
2022-02-18,4594.7
2022-02-19,4596.23
2022-02-20,4596.23
2022-02-21,4596.23
2022-02-22,4678.19
2022-02-23,4899.6
2022-02-24,4899.6
2022-02-25,5501.19
2022-02-26,5136.31
2022-02-27,5136.31
2022-02-28,5136.31
2022-03-01,5725.1
2022-03-02,5664.73
2022-03-03,6393.4
2022-03-04,6953.99
2022-03-05,6612.7
2022-03-06,6617.8
2022-03-07,6612.7
2022-03-08,6612.7
2022-03-09,6612.7
2022-03-10,7610.16
2022-03-11,7731.42
2022-03-12,7475.21
2022-03-13,7475.21
2022-03-14,7475.21
2022-03-15,7265.07
2022-03-16,6913.1
2022-03-17,6665.65
2022-03-18,6541.42
2022-03-19,6460.03
2022-03-20,6460.03
2022-03-21,6460.03
2022-03-22,6478.95
2022-03-23,6455.72
2022-03-24,6408.41
2022-03-25,6008.83
2022-03-26,6017.86
2022-03-27,6017.86
2022-03-28,6017.86
2022-03-29,5805.91
2022-03-30,5301.45
2022-03-31,5184.57
2022-04-01,5159.82
2022-04-02,5185.8
2022-04-03,5185.8
2022-04-04,5185.8
2022-04-05,5185.42
2022-04-06,5172.87
2022-04-07,5162.48
2022-04-08,4732.04
2022-04-09,4650.29
2022-04-10,4650.29
2022-04-11,4650.29
2022-04-12,4940.94
2022-04-13,4996.12
2022-04-14,5033.78
2022-04-15,5166.17
2022-04-16,5052.35
2022-04-17,5052.35
2022-04-18,5052.35
2022-04-19,5015.06
2022-04-20,4988.28
2022-04-21,4867.2
2022-04-22,4700.9
2022-04-23,4593.43
2022-04-24,4593.43
2022-04-25,4593.43
2022-04-26,4579.36
2022-04-27,4429.83
2022-04-28,4462.53
2022-04-29,4383.25
2022-04-30,4312.32
2022-05-01,4312.32
2022-05-02,4312.32
2022-05-03,4312.32
2022-05-04,4312.32
2022-05-05,4172.75
2022-05-06,3968.82
2022-05-07,4099.58
2022-05-08,4099.58
2022-05-09,4099.58
2022-05-10,4099.58
2022-05-11,4099.58
2022-05-12,4110.72
2022-05-13,3917.33
2022-05-14,3767.0
2022-05-15,3767.0
2022-05-16,3767.0
2022-05-17,3695.18
2022-05-18,3696.71
2022-05-19,3729.64
2022-05-20,3632.72
2022-05-21,3491.12
2022-05-22,3491.12
2022-05-23,3491.12
2022-05-24,3432.62
2022-05-25,3399.81
2022-05-26,3379.59
2022-05-27,3685.05
2022-05-28,3945.83
2022-05-29,3945.83
2022-05-30,3945.83
2022-05-31,3756.62
2022-06-01,3674.11
2022-06-02,3634.03
2022-06-03,3652.31
2022-06-04,3675.5
2022-06-05,3675.5
2022-06-06,3675.5
2022-06-07,3624.7
2022-06-08,3620.13
2022-06-09,3581.53
2022-06-10,3478.48
2022-06-11,3427.0
2022-06-12,3427.0
2022-06-13,3427.0
2022-06-14,3427.0
2022-06-15,3360.65
2022-06-16,3312.46
2022-06-17,3334.51
2022-06-18,3330.2
2022-06-19,3330.2
2022-06-20,3330.2
2022-06-21,3325.83
2022-06-22,3230.23
2022-06-23,3152.26
2022-06-24,3159.68
2022-06-25,3157.73
2022-06-26,3157.73
2022-06-27,3157.73
2022-06-28,3131.91
2022-06-29,3110.23
2022-06-30,2991.91
2022-07-01,3068.92
2022-07-02,3140.99
2022-07-03,3140.99
2022-07-04,3140.99
2022-07-05,3183.37
2022-07-06,3401.96
2022-07-07,3584.11
2022-07-08,3561.38
2022-07-09,3443.04
2022-07-10,3443.04
2022-07-11,3443.04
2022-07-12,3425.96
2022-07-13,3292.43
2022-07-14,3256.92
2022-07-15,3230.17
2022-07-16,3162.2
2022-07-17,3162.2
2022-07-18,3162.2
2022-07-19,3102.63
2022-07-20,3063.93
2022-07-21,3020.86
2022-07-22,3103.78
2022-07-23,3146.22
2022-07-24,3146.22
2022-07-25,3146.22
2022-07-26,3226.8
2022-07-27,3241.81
2022-07-28,3330.21
2022-07-29,3317.67
2022-07-30,3456.44
2022-07-31,3456.44
2022-08-01,3456.44
2022-08-02,3497.98
2022-08-03,3428.13
2022-08-04,3446.8
2022-08-05,3412.14
2022-08-06,3461.06
2022-08-07,3461.06
2022-08-08,3461.06
2022-08-09,3438.71
2022-08-10,3463.39
2022-08-11,3489.33
2022-08-12,3498.68
2022-08-13,3517.86
2022-08-14,3517.86
2022-08-15,3517.86
2022-08-16,3536.25
2022-08-17,3508.52
2022-08-18,3466.86
2022-08-19,3406.56
2022-08-20,3356.56
2022-08-21,3356.56
2022-08-22,3356.56
2022-08-23,3362.74
2022-08-24,3337.74
2022-08-25,3369.02
2022-08-26,3354.52
2022-08-27,3387.88
2022-08-28,3387.88
2022-08-29,3387.88
2022-08-30,3398.71
2022-08-31,3398.94
2022-09-01,3351.1
2022-09-02,3323.12
2022-09-03,3288.6
2022-09-04,3288.6
2022-09-05,3288.6
2022-09-06,3353.22
2022-09-07,3347.5
2022-09-08,3349.06
2022-09-09,3328.33
2022-09-10,3323.22
2022-09-11,3323.22
2022-09-12,3323.22
2022-09-13,3330.39
2022-09-14,3334.05
2022-09-15,3276.4
2022-09-16,3268.62
2022-09-17,3260.06
2022-09-18,3260.06
2022-09-19,3260.06
2022-09-20,3220.08
2022-09-21,3212.03
2022-09-22,3256.69
2022-09-23,3215.84
2022-09-24,3122.98
2022-09-25,3122.98
2022-09-26,3122.98
2022-09-27,3064.74
2022-09-28,3073.7
2022-09-29,3071.11
2022-09-30,3049.65
2022-10-01,2942.06
2022-10-02,2942.06
2022-10-03,2942.06
2022-10-04,3094.08
2022-10-05,3153.58
2022-10-06,3275.18
2022-10-07,3294.19
2022-10-08,3375.52
2022-10-09,3375.52
2022-10-10,3375.52
2022-10-11,3398.06
2022-10-12,3432.71
2022-10-13,3412.3
2022-10-14,3410.3
2022-10-15,3341.18
2022-10-16,3341.18
2022-10-17,3341.18
2022-10-18,3275.08
2022-10-19,3271.89
2022-10-20,3273.24
2022-10-21,3226.4
2022-10-22,3217.44
2022-10-23,3217.44
2022-10-24,3217.44
2022-10-25,3231.34
2022-10-26,3251.94
2022-10-27,3276.93
2022-10-28,3288.05
2022-10-29,3283.6
2022-10-30,3283.6
2022-10-31,3283.6
2022-11-01,3265.15
2022-11-02,3236.92
2022-11-03,3259.32
2022-11-04,3293.19
2022-11-05,3293.19
2022-11-06,3293.19
2022-11-07,3293.19
2022-11-08,3296.57
2022-11-09,3291.53
2022-11-10,3295.46
2022-11-11,3377.36
2022-11-12,3377.92
2022-11-13,3377.92
2022-11-14,3377.92
2022-11-15,3416.39
2022-11-16,3430.01
2022-11-17,3436.85
2022-11-18,3442.39
2022-11-19,3413.57
2022-11-20,3413.57
2022-11-21,3413.57
2022-11-22,3420.47
2022-11-23,3394.05
2022-11-24,3390.49
2022-11-25,3378.45
2022-11-26,3413.32
2022-11-27,3413.32
2022-11-28,3413.32
2022-11-29,3421.75
2022-11-30,3429.49
2022-12-01,3430.64
2022-12-02,3447.29
2022-12-03,3581.25
2022-12-04,3581.25
2022-12-05,3581.25
2022-12-06,3568.23
2022-12-07,3593.78
2022-12-08,3589.24
2022-12-09,3585.33
2022-12-10,3590.33
2022-12-11,3590.33
2022-12-12,3590.33
2022-12-13,3624.66
2022-12-14,3630.93
2022-12-15,3714.64
2022-12-16,3737.85
2022-12-17,3704.77
2022-12-18,3704.77
2022-12-19,3704.77
2022-12-20,3823.72
2022-12-21,3972.92
2022-12-22,4112.93
2022-12-23,4214.99
2022-12-24,3975.92
2022-12-25,3975.92
2022-12-26,3975.92
2022-12-27,3962.76
2022-12-28,4048.78
2022-12-29,4129.34
2022-12-30,4173.2
2022-12-31,4101.62
2023-01-01,4101.62
2023-01-02,4101.62
2023-01-03,4101.62
2023-01-04,4101.62
2023-01-05,4101.62
2023-01-06,4101.62
2023-01-07,4101.62
2023-01-08,4101.62
2023-01-09,4101.62
2023-01-10,4186.35
2023-01-11,4204.85
2023-01-12,4168.82
2023-01-13,4080.03
2023-01-14,4089.96
2023-01-15,4089.96
2023-01-16,4089.96
2023-01-17,4187.24
2023-01-18,4231.99
2023-01-19,4237.75
2023-01-20,4251.41
2023-01-21,4235.59
2023-01-22,4235.59
2023-01-23,4235.59
2023-01-24,4247.23
2023-01-25,4232.69
2023-01-26,4258.35
2023-01-27,4291.13
2023-01-28,4307.9
2023-01-29,4307.9
2023-01-30,4307.9
2023-01-31,4302.74
2023-02-01,4362.29
2023-02-02,4337.36
2023-02-03,4336.9
2023-02-04,4348.54
2023-02-05,4348.54
2023-02-06,4348.54
2023-02-07,4256.69
2023-02-08,4269.59
2023-02-09,4304.91
2023-02-10,4388.79
2023-02-11,4397.7
2023-02-12,4397.7
2023-02-13,4397.7
2023-02-14,4402.43
2023-02-15,4407.74
2023-02-16,4446.47
2023-02-17,4401.67
2023-02-18,4395.97
2023-02-19,4395.97
2023-02-20,4395.97
2023-02-21,4365.8
2023-02-22,4442.45
2023-02-23,4412.0
2023-02-24,4412.0
2023-02-25,4412.0
2023-02-26,4412.0
2023-02-27,4412.0
2023-02-28,4391.92
2023-03-01,4379.07
2023-03-02,4414.41
2023-03-03,4467.81
2023-03-04,4454.75
2023-03-05,4454.75
2023-03-06,4454.75
2023-03-07,4467.56
2023-03-08,4485.83
2023-03-09,4485.83
2023-03-10,4432.37
2023-03-11,4471.45
2023-03-12,4471.45
2023-03-13,4471.45
2023-03-14,4515.62
2023-03-15,4620.57
2023-03-16,4645.42
2023-03-17,4725.06
2023-03-18,4735.52
2023-03-19,4735.52
2023-03-20,4735.52
2023-03-21,4872.66
2023-03-22,4865.03
2023-03-23,4830.86
2023-03-24,4782.4
2023-03-25,4861.51
2023-03-26,4861.51
2023-03-27,4861.51
2023-03-28,4908.06
2023-03-29,4792.74
2023-03-30,4857.86
2023-03-31,4870.02
2023-04-01,4886.98
2023-04-02,4886.98
2023-04-03,4886.98
2023-04-04,4961.49
2023-04-05,5060.12
2023-04-06,5136.25
2023-04-07,5267.29
2023-04-08,5303.4
2023-04-09,5303.4
2023-04-10,5303.4
2023-04-11,5261.26
2023-04-12,5289.31
2023-04-13,5285.85
2023-04-14,5273.4
2023-04-15,5367.82
2023-04-16,5367.82
2023-04-17,5367.82
2023-04-18,5299.71
2023-04-19,5235.5
2023-04-20,5248.95
2023-04-21,5223.41
2023-04-22,5258.42
2023-04-23,5258.42
2023-04-24,5258.42
2023-04-25,5157.21
2023-04-26,5186.62
2023-04-27,5215.69
2023-04-28,5252.3
2023-04-29,5139.72
2023-04-30,5139.72
2023-05-01,5139.72
2023-05-02,5139.72
2023-05-03,5096.74
2023-05-04,5087.83
2023-05-05,5091.13
2023-05-06,5050.08
2023-05-07,5050.08
2023-05-08,5050.08
2023-05-09,5050.08
2023-05-10,5050.08
2023-05-11,5005.93
2023-05-12,4970.13
2023-05-13,5003.93
2023-05-14,5003.93
2023-05-15,5003.93
2023-05-16,5136.88
2023-05-17,5193.99
2023-05-18,5212.6
2023-05-19,5080.59
2023-05-20,5036.29
2023-05-21,5036.29
2023-05-22,5036.29
2023-05-23,5041.43
2023-05-24,5078.27
2023-05-25,5062.8
2023-05-26,5065.05
2023-05-27,5008.93
2023-05-28,5008.93
2023-05-29,5008.93
2023-05-30,5013.59
2023-05-31,5053.15
2023-06-01,5084.22
2023-06-02,5113.54
2023-06-03,5133.72
2023-06-04,5133.72
2023-06-05,5133.72
2023-06-06,5133.5
2023-06-07,5119.1
2023-06-08,5125.91
2023-06-09,5192.52
2023-06-10,5224.71
2023-06-11,5224.71
2023-06-12,5224.71
2023-06-13,5224.71
2023-06-14,5251.55
2023-06-15,5298.59
2023-06-16,5279.51
2023-06-17,5250.65
2023-06-18,5250.65
2023-06-19,5250.65
2023-06-20,5291.78
2023-06-21,5284.05
2023-06-22,5228.8
2023-06-23,5176.24
2023-06-24,5190.3
2023-06-25,5190.3
2023-06-26,5190.3
2023-06-27,5255.39
2023-06-28,5258.04
2023-06-29,5282.19
2023-06-30,5340.1
2023-07-01,5397.95
2023-07-02,5397.95
2023-07-03,5397.95
2023-07-04,5491.75
2023-07-05,5552.75
2023-07-06,5599.02
2023-07-07,5728.1
2023-07-08,5626.82
2023-07-09,5626.82
2023-07-10,5626.82
2023-07-11,5654.58
2023-07-12,5594.93
2023-07-13,5634.89
2023-07-14,5663.03
2023-07-15,5673.24
2023-07-16,5673.24
2023-07-17,5673.24
2023-07-18,5679.65
2023-07-19,5684.58
2023-07-20,5791.28
2023-07-21,5770.07
2023-07-22,5742.41
2023-07-23,5742.41
2023-07-24,5742.41
2023-07-25,5703.95
2023-07-26,5677.34
2023-07-27,5670.57
2023-07-28,5691.04
2023-07-29,5690.18
2023-07-30,5690.18
2023-07-31,5690.18
2023-08-01,5754.79
2023-08-02,5814.7
2023-08-03,5812.21
2023-08-04,5861.9
2023-08-05,5900.12
2023-08-06,5900.12
2023-08-07,5900.12
2023-08-08,6030.71
2023-08-09,5966.82
2023-08-10,6032.48
2023-08-11,6013.6
2023-08-12,6065.07
2023-08-13,6065.07
2023-08-14,6065.07
2023-08-15,6223.49
2023-08-16,5962.88
2023-08-17,5919.3
2023-08-18,5739.26
2023-08-19,5694.79
2023-08-20,5694.79
2023-08-21,5694.79
2023-08-22,5731.75
2023-08-23,5718.64
2023-08-24,5747.11
2023-08-25,5817.13
2023-08-26,5837.51
2023-08-27,5837.51
2023-08-28,5837.51
2023-08-29,5879.6
2023-08-30,5894.09
2023-08-31,5952.44
2023-09-01,6031.99
2023-09-02,6016.15
2023-09-03,6016.15
2023-09-04,6016.15
2023-09-05,6028.12
2023-09-06,6074.92
2023-09-07,6059.03
2023-09-08,6068.06
2023-09-09,6039.6
2023-09-10,6039.6
2023-09-11,6039.6
2023-09-12,5981.6
2023-09-13,5861.06
2023-09-14,5889.42
2023-09-15,5916.79
2023-09-16,5908.45
2023-09-17,5908.45
2023-09-18,5908.45
2023-09-19,5989.9
2023-09-20,5950.65
2023-09-21,6010.4
2023-09-22,6002.85
2023-09-23,5913.17
2023-09-24,5913.17
2023-09-25,5913.17
2023-09-26,5957.73
2023-09-27,5955.71
2023-09-28,5916.71
2023-09-29,5885.88
2023-09-30,5867.87
2023-10-01,5867.87
2023-10-02,5867.87
2023-10-03,5922.29
2023-10-04,5850.23
2023-10-05,5827.4
2023-10-06,5829.12
2023-10-07,5878.39
2023-10-08,5878.39
2023-10-09,5878.39
2023-10-10,5929.7
2023-10-11,5929.55
2023-10-12,5969.24
2023-10-13,5835.41
2023-10-14,5862.82
2023-10-15,5862.82
2023-10-16,5862.82
2023-10-17,5971.66
2023-10-18,6002.99
2023-10-19,6036.41
2023-10-20,6118.41
2023-10-21,6023.62
2023-10-22,6023.62
2023-10-23,6023.62
2023-10-24,6054.85
2023-10-25,5932.44
2023-10-26,5880.86
2023-10-27,5965.91
2023-10-28,5919.09
2023-10-29,5919.09
2023-10-30,5919.09
2023-10-31,5944.43
2023-11-01,5910.09
2023-11-02,5988.75
2023-11-03,5950.27
2023-11-04,5933.24
2023-11-05,5933.24
2023-11-06,5933.24
2023-11-07,5933.24
2023-11-08,5896.67
2023-11-09,5811.93
2023-11-10,5790.87
2023-11-11,5793.24
2023-11-12,5793.24
2023-11-13,5793.24
2023-11-14,5750.54
2023-11-15,5665.95
2023-11-16,5663.17
2023-11-17,5599.86
2023-11-18,5673.76
2023-11-19,5673.76
2023-11-20,5673.76
2023-11-21,5636.47
2023-11-22,5561.75
2023-11-23,5687.83
2023-11-24,5659.34
2023-11-25,5690.41
2023-11-26,5690.41
2023-11-27,5690.41
2023-11-28,5706.25
2023-11-29,5736.79
2023-11-30,5788.68
2023-12-01,5829.66
2023-12-02,5874.13
2023-12-03,5874.13
2023-12-04,5874.13
2023-12-05,5962.74
2023-12-06,6033.3
2023-12-07,6035.71
2023-12-08,6030.66
2023-12-09,5971.85
2023-12-10,5971.85
2023-12-11,5971.85
2023-12-12,5874.14
2023-12-13,5762.28
2023-12-14,5724.88
2023-12-15,5715.72
2023-12-16,5900.56
2023-12-17,5900.56
2023-12-18,5900.56
2023-12-19,5907.79
2023-12-20,5862.09
2023-12-21,5933.4
2023-12-22,6001.66
2023-12-23,6035.07
2023-12-24,6035.07
2023-12-25,6035.07
2023-12-26,6078.14
2023-12-27,6060.82
2023-12-28,6060.7
2023-12-29,6008.18
2023-12-30,5993.16
2023-12-31,5993.16
2024-01-01,5993.16
2024-01-02,5993.16
2024-01-03,5993.16
2024-01-04,5993.16
2024-01-05,5993.16
2024-01-06,5993.16
2024-01-07,5993.16
2024-01-08,5993.16
2024-01-09,5993.16
2024-01-10,5886.06
2024-01-11,5848.46
2024-01-12,5785.3
2024-01-13,5749.64
2024-01-14,5749.64
2024-01-15,5749.64
2024-01-16,5794.64
2024-01-17,5776.36
2024-01-18,5789.66
2024-01-19,5734.52
2024-01-20,5734.04
2024-01-21,5734.04
2024-01-22,5734.04
2024-01-23,5737.5
2024-01-24,5714.43
2024-01-25,5741.86
2024-01-26,5770.98
2024-01-27,5824.35
2024-01-28,5824.35
2024-01-29,5824.35
2024-01-30,5815.14
2024-01-31,5805.98
2024-02-01,5889.88
2024-02-02,5956.39
2024-02-03,5963.38
2024-02-04,5963.38
2024-02-05,5963.38
2024-02-06,5967.26
2024-02-07,5883.61
2024-02-08,5951.43
2024-02-09,5989.95
2024-02-10,5928.09
2024-02-11,5928.09
2024-02-12,5928.09
2024-02-13,5925.12
2024-02-14,5909.23
2024-02-15,5867.72
2024-02-16,5860.41
2024-02-17,5963.1
2024-02-18,5963.1
2024-02-19,5963.1
2024-02-20,5935.87
2024-02-21,5988.8
2024-02-22,6030.43
2024-02-23,6043.85
2024-02-24,6043.85
2024-02-25,6043.85
2024-02-26,6043.85
2024-02-27,6038.13
2024-02-28,5998.96
2024-02-29,6010.85
2024-03-01,5936.07
2024-03-02,6013.98
2024-03-03,6013.98
2024-03-04,6013.98
2024-03-05,6020.42
2024-03-06,6149.12
2024-03-07,6199.44
2024-03-08,6252.1
2024-03-09,6252.1
2024-03-10,6252.1
2024-03-11,6252.1
2024-03-12,6326.15
2024-03-13,6371.09
2024-03-14,6361.07
2024-03-15,6388.45
2024-03-16,6382.33
2024-03-17,6382.33
2024-03-18,6382.33
2024-03-19,6398.01
2024-03-20,6399.08
2024-03-21,6421.44
2024-03-22,6377.97
2024-03-23,6462.74
2024-03-24,6462.74
2024-03-25,6462.74
2024-03-26,6477.49
2024-03-27,6478.59
2024-03-28,6489.04
2024-03-29,6504.24
2024-03-30,6575.81
2024-03-31,6575.81
2024-04-01,6575.81
2024-04-02,6570.5
2024-04-03,6587.16
2024-04-04,6726.42
2024-04-05,6766.8
2024-04-06,6814.5
2024-04-07,6814.5
2024-04-08,6814.5
2024-04-09,6841.74
2024-04-10,6918.66
2024-04-11,7061.43
2024-04-12,7029.69
2024-04-13,7046.86
2024-04-14,7046.86
2024-04-15,7046.86
2024-04-16,7226.01
2024-04-17,7090.16
2024-04-18,7184.66
2024-04-19,7231.12
2024-04-20,7158.09
2024-04-21,7158.09
2024-04-22,7158.09
2024-04-23,7134.62
2024-04-24,7003.45
2024-04-25,6925.11
2024-04-26,6872.79
2024-04-27,6859.4
2024-04-28,6913.94
2024-04-29,6913.94
2024-04-30,6913.94
2024-05-01,6913.94
2024-05-02,6913.94
2024-05-03,6814.03
2024-05-04,6747.43
2024-05-05,6747.43
2024-05-06,6747.43
2024-05-07,6735.95
2024-05-08,6721.99
2024-05-09,6847.93
2024-05-10,6847.93
2024-05-11,6847.93
2024-05-12,6847.93
2024-05-13,6847.93
2024-05-14,6989.4
2024-05-15,6884.35
2024-05-16,6909.1
2024-05-17,6891.61
2024-05-18,6954.63
2024-05-19,6954.63
2024-05-20,6954.63
2024-05-21,7002.57
2024-05-22,7035.06
2024-05-23,7038.28
2024-05-24,6986.66
2024-05-25,6798.61
2024-05-26,6798.61
2024-05-27,6798.61
2024-05-28,6679.72
2024-05-29,6661.07
2024-05-30,6745.75
2024-05-31,6764.58
2024-06-01,6810.14
2024-06-02,6810.14
2024-06-03,6810.14
2024-06-04,6747.67
2024-06-05,6670.89
2024-06-06,6636.48
2024-06-07,6677.83
2024-06-08,6736.49
2024-06-09,6736.49
2024-06-10,6736.49
2024-06-11,6611.74
2024-06-12,6595.43
2024-06-13,6595.43
2024-06-14,6597.13
2024-06-15,6617.04
2024-06-16,6617.04
2024-06-17,6617.04
2024-06-18,6672.12
2024-06-19,6491.66
2024-06-20,6174.77
2024-06-21,6382.94
2024-06-22,6650.23
2024-06-23,6650.23
2024-06-24,6650.23
2024-06-25,6559.4
2024-06-26,6534.52
2024-06-27,6563.71
2024-06-28,6281.85
2024-06-29,6405.84
2024-06-30,6405.84
2024-07-01,6405.84
2024-07-02,6542.06
2024-07-03,6589.05
2024-07-04,6593.43
2024-07-05,6690.03
2024-07-06,6683.46
2024-07-07,6683.46
2024-07-08,6683.46
2024-07-09,6743.87
2024-07-10,6724.41
2024-07-11,6688.38
2024-07-12,6745.03
2024-07-13,6796.33
2024-07-14,6796.33
2024-07-15,6796.33
2024-07-16,6794.73
2024-07-17,6872.34
2024-07-18,6919.31
2024-07-19,7007.35
2024-07-20,6972.37
2024-07-21,6972.37
2024-07-22,6972.37
2024-07-23,6783.17
2024-07-24,6715.65
2024-07-25,6686.99
2024-07-26,6649.29
2024-07-27,6503.86
2024-07-28,6503.86
2024-07-29,6503.86
2024-07-30,6640.08
2024-07-31,6636.67
2024-08-01,6617.33
2024-08-02,6691.72
2024-08-03,6763.25
2024-08-04,6763.25
2024-08-05,6763.25
2024-08-06,6745.43
2024-08-07,6554.61
2024-08-08,6622.85
2024-08-09,6680.53
2024-08-10,6822.01
2024-08-11,6822.01
2024-08-12,6822.01
2024-08-13,7019.6
2024-08-14,7301.23
2024-08-15,7152.03
2024-08-16,7013.52
2024-08-17,6993.5
2024-08-18,6993.5
2024-08-19,6993.5
2024-08-20,7156.28
2024-08-21,7273.83
2024-08-22,7457.14
2024-08-23,7331.43
2024-08-24,7312.55
2024-08-25,7312.55
2024-08-26,7312.55
2024-08-27,7409.59
2024-08-28,7385.87
2024-08-29,7375.19
2024-08-30,7366.28
2024-08-31,7382.37
2024-09-01,7382.37
2024-09-02,7382.37
2024-09-03,7272.65
2024-09-04,7118.34
2024-09-05,7090.06
2024-09-06,7175.4
2024-09-07,7247.22
2024-09-08,7247.22
2024-09-09,7247.22
2024-09-10,7282.75
2024-09-11,7322.47
2024-09-12,7354.1
2024-09-13,7345.8
2024-09-14,7443.36
2024-09-15,7443.36
2024-09-16,7443.36
2024-09-17,7545.79
2024-09-18,7595.71
2024-09-19,7587.96
2024-09-20,7659.54
2024-09-21,7665.96
2024-09-22,7665.96
2024-09-23,7665.96
2024-09-24,7784.83
2024-09-25,7851.94
2024-09-26,7829.67
2024-09-27,7907.07
2024-09-28,7940.04
2024-09-29,7940.04
2024-09-30,7940.04
2024-10-01,7977.98
2024-10-02,7893.87
2024-10-03,8105.13
2024-10-04,8129.63
2024-10-05,8075.7
2024-10-06,8075.7
2024-10-07,8075.7
2024-10-08,8184.83
2024-10-09,8160.37
2024-10-10,8228.46
2024-10-11,8161.88
2024-10-12,8119.97
2024-10-13,8119.97
2024-10-14,8119.97
2024-10-15,8184.13
2024-10-16,8280.66
2024-10-17,8283.25
2024-10-18,8355.9
2024-10-19,8335.12
2024-10-20,8335.12
2024-10-21,8335.12
2024-10-22,8380.11
2024-10-23,8498.03
2024-10-24,8502.25
2024-10-25,8511.09
2024-10-26,8490.71
2024-10-27,8490.71
2024-10-28,8490.71
2024-10-29,8538.55
2024-10-30,8579.38
2024-10-31,8640.65
2024-11-01,8664.92
2024-11-02,8565.47
2024-11-03,8606.95
2024-11-04,8606.95
2024-11-05,8606.95
2024-11-06,8646.26
2024-11-07,8660.86
2024-11-08,8387.89
2024-11-09,8467.46
2024-11-10,8467.46
2024-11-11,8467.46
2024-11-12,8475.3
2024-11-13,8266.26
2024-11-14,8244.24
2024-11-15,8273.12
2024-11-16,8253.82
2024-11-17,8253.82
2024-11-18,8253.82
2024-11-19,8263.81
2024-11-20,8384.13
2024-11-21,8452.26
2024-11-22,8547.27
2024-11-23,8789.88
2024-11-24,8789.88
2024-11-25,8789.88
2024-11-26,8992.91
2024-11-27,8901.77
2024-11-28,9105.54
2024-11-29,9303.76
2024-11-30,9151.23
2024-12-01,9151.23
2024-12-02,9151.23
2024-12-03,9134.93
2024-12-04,9020.34
2024-12-05,8849.52
2024-12-06,8803.74
2024-12-07,8439.17
2024-12-08,8439.17
2024-12-09,8439.17
2024-12-10,8426.19
2024-12-11,8593.13
2024-12-12,8930.08
2024-12-13,9041.8
2024-12-14,8926.44
2024-12-15,8926.44
2024-12-16,8926.44
2024-12-17,8798.03
2024-12-18,8789.27
2024-12-19,8711.38
2024-12-20,8763.67
2024-12-21,8530.27
2024-12-22,8530.27
2024-12-23,8530.27
2024-12-24,8547.87
2024-12-25,8392.87
2024-12-26,8370.83
2024-12-27,8338.65
2024-12-28,8447.77
2024-12-29,8551.74
2024-12-30,8551.74
2024-12-31,8551.74
